{
  "version": "v1",
  "config": {
    "visState": {
      "filters": [],
      "layers": [
        {
          "id": "a7cqpkn",
          "type": "geojson",
          "config": {
            "dataId": "bk4x78l5m",
            "label": "Bus_Routes",
            "color": [
              18,
              92,
              119
            ],
            "columns": {
              "geojson": "_geojson"
            },
            "isVisible": true,
            "visConfig": {
              "opacity": 0.8,
              "thickness": 0.5,
              "strokeColor": null,
              "colorRange": {
                "name": "Global Warming",
                "type": "sequential",
                "category": "Uber",
                "colors": [
                  "#5A1846",
                  "#900C3F",
                  "#C70039",
                  "#E3611C",
                  "#F1920E",
                  "#FFC300"
                ]
              },
              "strokeColorRange": {
                "name": "ColorBrewer Dark2-6",
                "type": "qualitative",
                "category": "ColorBrewer",
                "colors": [
                  "#1b9e77",
                  "#d95f02",
                  "#7570b3",
                  "#e7298a",
                  "#66a61e",
                  "#e6ab02"
                ],
                "reversed": false
              },
              "radius": 10,
              "sizeRange": [
                0,
                10
              ],
              "radiusRange": [
                0,
                50
              ],
              "heightRange": [
                0,
                500
              ],
              "elevationScale": 5,
              "stroked": true,
              "filled": false,
              "enable3d": false,
              "wireframe": false
            },
            "textLabel": [
              {
                "field": null,
                "color": [
                  255,
                  255,
                  255
                ],
                "size": 18,
                "offset": [
                  0,
                  0
                ],
                "anchor": "start",
                "alignment": "center"
              }
            ]
          },
          "visualChannels": {
            "colorField": null,
            "colorScale": "quantile",
            "sizeField": null,
            "sizeScale": "linear",
            "strokeColorField": {
              "name": "RouteName",
              "type": "string"
            },
            "strokeColorScale": "ordinal",
            "heightField": null,
            "heightScale": "linear",
            "radiusField": null,
            "radiusScale": "linear"
          }
        }
      ],
      "interactionConfig": {
        "tooltip": {
          "fieldsToShow": {
            "bk4x78l5m": [
              "OBJECTID",
              "ProjectID",
              "ProjectName",
              "RouteNo",
              "RouteName",
              "Destination",
              "Direction",
              "Schedule"
            ]
          },
          "enabled": true
        },
        "brush": {
          "size": 0.5,
          "enabled": false
        }
      },
      "layerBlending": "normal",
      "splitMaps": []
    },
    "mapState": {
      "bearing": 0,
      "dragRotate": false,
      "latitude": -43.50857942232203,
      "longitude": 172.64928396808472,
      "pitch": 0,
      "zoom": 12.288353501501714,
      "isSplit": false
    },
    "mapStyle": {
      "styleType": "dark",
      "topLayerGroups": {},
      "visibleLayerGroups": {
        "label": true,
        "road": true,
        "border": false,
        "building": true,
        "water": true,
        "land": true,
        "3d building": false
      },
      "mapStyles": {}
    }
  }
}