{
  "version": "v1",
  "config": {
    "visState": {
      "filters": [],
      "layers": [
        {
          "id": "5fhybqj",
          "type": "point",
          "config": {
            "dataId": "dgunthvkn",
            "label": "Bus Stops",
            "color": [
              255,
              152,
              51
            ],
            "columns": {
              "lat": "WGS84_LATITUDE",
              "lng": "WGS84_LONGITUDE",
              "altitude": null
            },
            "isVisible": true,
            "visConfig": {
              "radius": 2,
              "fixedRadius": false,
              "opacity": 0.8,
              "outline": false,
              "thickness": 2,
              "strokeColor": null,
              "colorRange": {
                "name": "Global Warming",
                "type": "sequential",
                "category": "Uber",
                "colors": [
                  "#5A1846",
                  "#900C3F",
                  "#C70039",
                  "#E3611C",
                  "#F1920E",
                  "#FFC300"
                ]
              },
              "strokeColorRange": {
                "name": "Global Warming",
                "type": "sequential",
                "category": "Uber",
                "colors": [
                  "#5A1846",
                  "#900C3F",
                  "#C70039",
                  "#E3611C",
                  "#F1920E",
                  "#FFC300"
                ]
              },
              "radiusRange": [
                0,
                50
              ],
              "filled": true
            },
            "textLabel": []
          },
          "visualChannels": {
            "colorField": null,
            "colorScale": "quantile",
            "strokeColorField": null,
            "strokeColorScale": "quantile",
            "sizeField": null,
            "sizeScale": "linear"
          }
        },
        {
          "id": "cq8v0yl",
          "type": "geojson",
          "config": {
            "dataId": "mty4ajbu",
            "label": "Parks",
            "color": [
              18,
              92,
              119
            ],
            "columns": {
              "geojson": "_geojson"
            },
            "isVisible": true,
            "visConfig": {
              "opacity": 1,
              "thickness": 0.5,
              "strokeColor": [
                77,
                193,
                156
              ],
              "colorRange": {
                "name": "ColorBrewer YlGn-6",
                "type": "sequential",
                "category": "ColorBrewer",
                "colors": [
                  "#ffffcc",
                  "#d9f0a3",
                  "#addd8e",
                  "#78c679",
                  "#31a354",
                  "#006837"
                ],
                "reversed": false
              },
              "strokeColorRange": {
                "name": "Global Warming",
                "type": "sequential",
                "category": "Uber",
                "colors": [
                  "#5A1846",
                  "#900C3F",
                  "#C70039",
                  "#E3611C",
                  "#F1920E",
                  "#FFC300"
                ]
              },
              "radius": 10,
              "sizeRange": [
                0,
                10
              ],
              "radiusRange": [
                0,
                50
              ],
              "heightRange": [
                0,
                500
              ],
              "elevationScale": 5,
              "stroked": true,
              "filled": true,
              "enable3d": false,
              "wireframe": false
            },
            "textLabel": [
              {
                "field": null,
                "color": [
                  255,
                  255,
                  255
                ],
                "size": 18,
                "offset": [
                  0,
                  0
                ],
                "anchor": "start",
                "alignment": "center"
              }
            ]
          },
          "visualChannels": {
            "colorField": {
              "name": "Shape_Area",
              "type": "real"
            },
            "colorScale": "quantile",
            "sizeField": null,
            "sizeScale": "linear",
            "strokeColorField": null,
            "strokeColorScale": "quantile",
            "heightField": null,
            "heightScale": "linear",
            "radiusField": null,
            "radiusScale": "linear"
          }
        },
        {
          "id": "a7cqpkn",
          "type": "geojson",
          "config": {
            "dataId": "bk4x78l5m",
            "label": "Bus_Routes",
            "color": [
              18,
              92,
              119
            ],
            "columns": {
              "geojson": "_geojson"
            },
            "isVisible": true,
            "visConfig": {
              "opacity": 0.8,
              "thickness": 2,
              "strokeColor": null,
              "colorRange": {
                "name": "Global Warming",
                "type": "sequential",
                "category": "Uber",
                "colors": [
                  "#5A1846",
                  "#900C3F",
                  "#C70039",
                  "#E3611C",
                  "#F1920E",
                  "#FFC300"
                ]
              },
              "strokeColorRange": {
                "name": "UberPool",
                "type": "diverging",
                "category": "Uber",
                "colors": [
                  "#223F9A",
                  "#2C51BE",
                  "#482BBD",
                  "#7A0DA6",
                  "#AE0E7F",
                  "#CF1750",
                  "#E31A1A",
                  "#FD7900",
                  "#FAC200",
                  "#FAE300"
                ],
                "reversed": false
              },
              "radius": 10,
              "sizeRange": [
                0,
                3.6
              ],
              "radiusRange": [
                0,
                50
              ],
              "heightRange": [
                0,
                500
              ],
              "elevationScale": 5,
              "stroked": true,
              "filled": false,
              "enable3d": false,
              "wireframe": false
            },
            "textLabel": [
              {
                "field": null,
                "color": [
                  255,
                  255,
                  255
                ],
                "size": 18,
                "offset": [
                  0,
                  0
                ],
                "anchor": "start",
                "alignment": "center"
              }
            ]
          },
          "visualChannels": {
            "colorField": null,
            "colorScale": "quantile",
            "sizeField": null,
            "sizeScale": "linear",
            "strokeColorField": {
              "name": "RouteName",
              "type": "string"
            },
            "strokeColorScale": "ordinal",
            "heightField": null,
            "heightScale": "linear",
            "radiusField": null,
            "radiusScale": "linear"
          }
        }
      ],
      "interactionConfig": {
        "tooltip": {
          "fieldsToShow": {
            "bk4x78l5m": [
              "OBJECTID",
              "ProjectID",
              "ProjectName",
              "RouteNo",
              "RouteName",
              "Destination",
              "Direction"
            ],
            "mty4ajbu": [
              "COMMON_NAME",
              "SHORT_NAME",
              "PARK_TYPE",
              "STREET_ADDRESS",
              "DESCRIPTION"
            ],
            "dgunthvkn": [
              "OBJECTID",
              "ProjectID",
              "ProjectName",
              "PlatformTag",
              "PlatformNo"
            ]
          },
          "enabled": true
        },
        "brush": {
          "size": 0.5,
          "enabled": false
        }
      },
      "layerBlending": "normal",
      "splitMaps": []
    },
    "mapState": {
      "bearing": 0,
      "dragRotate": false,
      "latitude": -43.498808954194544,
      "longitude": 172.60007080724023,
      "pitch": 0,
      "zoom": 9.929903268834632,
      "isSplit": false
    },
    "mapStyle": {
      "styleType": "muted_night",
      "topLayerGroups": {},
      "visibleLayerGroups": {
        "label": true,
        "road": true,
        "border": false,
        "building": true,
        "water": true,
        "land": true,
        "3d building": false
      },
      "mapStyles": {}
    }
  }
}