{
    "version": "v1",
    "config": {
      "visState": {
        "filters": [],
        "layers": [
          {
            "id": "1wvjp8l",
            "type": "geojson",
            "config": {
              "dataId": "6c63nxay",
              "label": "kepler-gl_Parks.geojson",
              "color": [
                23,
                184,
                190
              ],
              "columns": {
                "geojson": "_geojson"
              },
              "isVisible": true,
              "visConfig": {
                "opacity": 0.8,
                "thickness": 0.5,
                "strokeColor": [
                  246,
                  209,
                  138
                ],
                "colorRange": {
                  "name": "Global Warming",
                  "type": "sequential",
                  "category": "Uber",
                  "colors": [
                    "#5A1846",
                    "#900C3F",
                    "#C70039",
                    "#E3611C",
                    "#F1920E",
                    "#FFC300"
                  ]
                },
                "strokeColorRange": {
                  "name": "Global Warming",
                  "type": "sequential",
                  "category": "Uber",
                  "colors": [
                    "#5A1846",
                    "#900C3F",
                    "#C70039",
                    "#E3611C",
                    "#F1920E",
                    "#FFC300"
                  ]
                },
                "radius": 10,
                "sizeRange": [
                  0,
                  10
                ],
                "radiusRange": [
                  0,
                  50
                ],
                "heightRange": [
                  0,
                  500
                ],
                "elevationScale": 5,
                "stroked": true,
                "filled": true,
                "enable3d": false,
                "wireframe": false
              },
              "textLabel": [
                {
                  "field": null,
                  "color": [
                    255,
                    255,
                    255
                  ],
                  "size": 18,
                  "offset": [
                    0,
                    0
                  ],
                  "anchor": "start",
                  "alignment": "center"
                }
              ]
            },
            "visualChannels": {
              "colorField": null,
              "colorScale": "quantile",
              "sizeField": null,
              "sizeScale": "linear",
              "strokeColorField": null,
              "strokeColorScale": "quantile",
              "heightField": null,
              "heightScale": "linear",
              "radiusField": null,
              "radiusScale": "linear"
            }
          }
        ],
        "interactionConfig": {
          "tooltip": {
            "fieldsToShow": {
              "6c63nxay": [
                "COMMON_NAME",
                "SHORT_NAME",
                "PARK_TYPE",
                "STREET_ADDRESS",
                "DESCRIPTION"
              ]
            },
            "enabled": true
          },
          "brush": {
            "size": 0.5,
            "enabled": false
          }
        },
        "layerBlending": "normal",
        "splitMaps": []
      },
      "mapState": {
        "bearing": 0,
        "dragRotate": false,
        "latitude": -43.574492299556375,
        "longitude": 172.59184170119315,
        "pitch": 0,
        "zoom": 11.548058916916952,
        "isSplit": false
      },
      "mapStyle": {
        "styleType": "dark",
        "topLayerGroups": {},
        "visibleLayerGroups": {
          "label": true,
          "road": true,
          "border": false,
          "building": true,
          "water": true,
          "land": true,
          "3d building": false
        },
        "mapStyles": {}
      }
    }
  }